Customer demographics,Annual_Demand,Revenue generated,Annual_Total_Cost
Female,35397479.0,383690887.58946,297839552.13099265
Male,17517841.0,228434857.167063,201251025.3234075
Non-binary,18288266.0,222296425.371317,166692340.1137055
Unknown,28446522.5,329879350.058687,258792855.53954577
