Product type,Annual_Demand,Safety_Stock,Annual_Total_Cost,Next_Month_Forecast,Revenue generated
cosmetics,26944447.5,13712615.964939222,237418592.28760046,139852504,361188872.154716
haircare,23268561.5,11829081.358082645,175317968.7468823,92982224,292490851.171377
skincare,49437099.5,28667277.549390007,511839212.0731687,224051227,510621796.860434
