Transportation modes,Lead times,Annual_Total_Cost
Air,18.173481638418078,316724263.6102007
Rail,16.464220113271086,245700809.81294304
Road,15.608635650414957,197093964.72525093
Sea,11.515818676983379,165056734.95925674
